id,Age,Height,Weight,FCVC,NCP,CH2O,FAF,TUE
20758.0,20758.0,20758.0,20758.0,20758.0,20758.0,20758.0,20758.0,20758.0
10378.5,23.841804418681953,1.7002449351575297,87.88776840264958,2.44590839271847,2.7613323068214664,2.029418243665093,0.9817465550756335,0.6167562236968879
5992.462779748128,5.688071958787301,0.08731190569717949,26.37944307640627,0.5332181544582932,0.705374595883658,0.6084670184549015,0.8383019759696384,0.6021134769921662
0.0,14.0,1.45,39.0,1.0,1.0,1.0,0.0,0.0
5189.25,20.0,1.631856,66.0,2.0,3.0,1.792022,0.008013,0.0
10378.5,22.815416,1.7,84.064875,2.393837,3.0,2.0,1.0,0.573887
15567.75,26.0,1.762887,111.600553,3.0,3.0,2.549617,1.587406,1.0
20757.0,61.0,1.975663,165.057269,3.0,4.0,3.0,3.0,2.0
